title,price
Justice league,30
Thor,12
Hellraiser,30
Batman,12
Batman,30
Justice league,12
Hellraiser,12
Green lantern,12
Avengers,15
Avengers,7
Hellraiser,27
Green lantern,7
Saga,15
Fables,27
Hellraiser,7
Green arrow,15
Fables,12
Saga,27
Green lantern,7
X-men,7
Fables,30
X-men,15
Spiderman,30
Thor,27
Flash,15
Spiderman,12
Northlanders,7
Northlanders,7
Fables,7
Green lantern,27
Flash,7
Superman,30
Batman,7
X-men,30
Superman,30
Flash,12
Green lantern,12
Northlanders,15
Flash,15
Northlanders,30
Superman,15
Spiderman,15
Green arrow,15
Saga,30
Green lantern,12
Superman,12
Avengers,12
Thor,12
Saga,7
X-men,12
Green lantern,15
Fables,15
Green arrow,7
Avengers,30
Green lantern,7
Saga,27
Green arrow,27
Saga,7
Saga,27
Northlanders,27
Northlanders,7
Fables,7
Saga,30
Flash,7
Green arrow,15
Thor,27
Avengers,27
Hellraiser,15
Spiderman,7
Northlanders,12
Spiderman,27
Green lantern,15
Justice league,15
Batman,7
Spiderman,15
Superman,15
Hellraiser,15
Superman,15
Green lantern,27
Green arrow,27
Spiderman,27
Fables,15
Avengers,27
Saga,27
Batman,12
Batman,27
Fables,30
Hellraiser,27
Superman,15
Northlanders,30
Superman,12
Batman,15
Justice league,12
Thor,12
Hellraiser,15
Avengers,30
Superman,12
Fables,15
Batman,7
Green arrow,30
X-men,30
Fables,12
Thor,12
Hellraiser,30
Avengers,27
Hellraiser,15
Fables,7
Green arrow,12
X-men,7
Hellraiser,7
Saga,12
Green arrow,27
Northlanders,7
Fables,30
Fables,30
Green arrow,7
X-men,27
Northlanders,27
Thor,27
Fables,27
Justice league,15
Hellraiser,27
Justice league,7
Flash,30
Flash,30
Green lantern,30
Batman,15
Avengers,15
Hellraiser,27
Superman,7
Saga,27
Northlanders,27
Saga,27
Northlanders,30
Northlanders,27
Flash,12
Flash,30
Green lantern,27
Saga,30
Avengers,12
Batman,27
X-men,12
Thor,27
Fables,12
Northlanders,30
Hellraiser,27
X-men,27
Green lantern,15
Hellraiser,27
Thor,30
Superman,15
Batman,30
Saga,27
X-men,30
Flash,27
X-men,7
Fables,15
Batman,12
Fables,15
Saga,27
Thor,12
Hellraiser,12
Fables,7
Fables,12
Green lantern,15
Batman,30
Batman,7
Green lantern,7
Avengers,7
Northlanders,15
Justice league,30
Fables,12
Justice league,7
Spiderman,7
Fables,15
X-men,7
Green lantern,30
Green arrow,7
Northlanders,30
Northlanders,12
Avengers,15
Spiderman,15
Superman,7
Superman,12
Avengers,30
Hellraiser,15
Thor,15
Batman,7
Green arrow,7
Avengers,27
Saga,27
Green lantern,12
Fables,12
Batman,15
Saga,12
Hellraiser,12
Hellraiser,30
Northlanders,12
Northlanders,30
Spiderman,15
Green lantern,7
Hellraiser,30
Spiderman,7
Justice league,30
Saga,30
Green arrow,30
Fables,27
Justice league,7
Superman,7
X-men,15
Green lantern,15
Spiderman,7
Superman,12
Avengers,7
Fables,7
Superman,12
X-men,15
Justice league,27
Superman,27
Saga,15
Batman,15
Hellraiser,15
Spiderman,12
X-men,12
Avengers,27
Green lantern,30
Superman,30
Superman,7
Green arrow,27
Thor,7
Flash,27
Green arrow,12
Green lantern,15
Superman,15
Green lantern,30
Justice league,30
Green arrow,12
X-men,27
Superman,30
Justice league,7
Green arrow,7
Superman,12
Saga,27
Flash,30
Flash,27
Superman,15
Green arrow,7
Justice league,12
Batman,7
Avengers,7
X-men,27
Green arrow,15
Justice league,15
Northlanders,30
Batman,27
Hellraiser,12
Thor,12
Green arrow,30
Northlanders,27
Northlanders,27
Fables,27
Batman,12
Green arrow,27
Thor,12
Green arrow,30
Green arrow,12
Superman,27
X-men,15
Flash,27
Batman,15
Saga,27
Spiderman,12
Saga,15
Green lantern,12
Justice league,30
Thor,7
Superman,7
Saga,27
Fables,7
Superman,30
Flash,12
Justice league,27
Avengers,30
Green arrow,30
Northlanders,30
Justice league,7
Hellraiser,7
Green lantern,27
Saga,15
Superman,27
Avengers,12
Green lantern,12
Justice league,12
Green lantern,12
Flash,12
Spiderman,27
Green arrow,12
Spiderman,15
Fables,7
Saga,7
Superman,27
X-men,30
Green arrow,27
Flash,30
Saga,30
Hellraiser,12
Spiderman,27
Flash,12
Justice league,12
Northlanders,27
Fables,27
Hellraiser,15
Hellraiser,7
Saga,30
Batman,12
Green lantern,7
Saga,27
Green lantern,27
Fables,15
Thor,27
Spiderman,30
Spiderman,7
Flash,12
Saga,12
Hellraiser,15
Hellraiser,30
Batman,15
Superman,27
Fables,15
Spiderman,15
Green lantern,12
Avengers,15
Saga,30
Spiderman,30
Green lantern,7
Green lantern,7
Justice league,27
Spiderman,12
Saga,27
Hellraiser,12
Thor,27
Superman,15
Batman,15
Superman,30
Justice league,12
Hellraiser,27
X-men,30
Fables,12
Flash,27
Green arrow,15
Thor,12
X-men,27
Fables,15
Saga,30
Justice league,15
Northlanders,7
Thor,30
Flash,27
Green arrow,15
Saga,15
Fables,27
Spiderman,12
Saga,15
Superman,15
Northlanders,27
Avengers,30
Justice league,7
Northlanders,7
Saga,7
Batman,12
Spiderman,7
Green lantern,27
Batman,15
Green arrow,7
Thor,15
Saga,15
Hellraiser,12
X-men,7
Green lantern,15
Northlanders,7
Thor,12
Green lantern,15
Batman,27
Flash,15
Avengers,30
Green lantern,12
Hellraiser,12
Justice league,15
Saga,12
X-men,12
Justice league,30
Avengers,30
Justice league,7
Saga,27
Fables,15
Thor,30
Thor,27
Spiderman,12
Flash,27
Northlanders,27
Thor,27
Superman,27
X-men,7
Northlanders,12
Hellraiser,15
Hellraiser,30
X-men,15
Hellraiser,30
Avengers,12
Justice league,30
Green arrow,7
Flash,12
Flash,15
Northlanders,27
Avengers,12
Superman,15
Fables,30
Green lantern,27
Avengers,30
Spiderman,15
Saga,30
Thor,27
Saga,7
Thor,30
Spiderman,30
Fables,30
X-men,27
Saga,27
Flash,7
Hellraiser,15
Batman,12
Avengers,15
X-men,27
Green lantern,27
Superman,15
Green lantern,15
Batman,7
X-men,12
Fables,12
Spiderman,7
Thor,7
Spiderman,27
Saga,27
Spiderman,12
Hellraiser,12
Northlanders,27
Green lantern,12
Flash,7
Superman,15
Saga,7
X-men,27
Green lantern,12
Fables,12
X-men,27
Hellraiser,12
Thor,15
X-men,27
Saga,30
Fables,7
Hellraiser,7
Spiderman,30
Hellraiser,15
Fables,30
Flash,7
Green lantern,30
Batman,15
Green arrow,30
Avengers,27
Flash,7
Saga,30
Green arrow,12
Thor,30
Avengers,15
Superman,15
Avengers,30
Green lantern,30
Thor,15
X-men,27
Thor,15
Green lantern,27
Green arrow,12
Hellraiser,27
Green lantern,7
Spiderman,30
Flash,12
Justice league,15
Green arrow,15
Superman,15
Green lantern,7
Green arrow,7
Justice league,15
X-men,15
Superman,12
Batman,27
Fables,30
Superman,15
Northlanders,15
Spiderman,7
Thor,30
Saga,27
Avengers,30
Thor,7
Thor,12
Superman,27
Hellraiser,30
Northlanders,27
Batman,27
Avengers,15
Hellraiser,15
Justice league,15
Green arrow,27
Thor,27
Flash,7
Superman,12
Spiderman,15
Batman,15
Saga,7
Hellraiser,15
Justice league,30
Green lantern,7
Green lantern,12
Avengers,27
Saga,7
Green lantern,15
Flash,30
Batman,12
Superman,7
Northlanders,15
Fables,12
Green arrow,30
Avengers,27
Northlanders,30
Avengers,7
Fables,30
Green lantern,27
Northlanders,15
Justice league,7
Spiderman,12